,Topic,Word,P
0,0,ayam,0.010710589
1,0,lurah,0.009745844
2,0,kabupaten_sleman,0.0072229113
3,0,ngaglik_sleman,0.0063942308
4,0,dagang,0.006215998
5,0,anak,0.005624896
6,0,hobi,0.0056063966
7,0,prof,0.0055370093
8,0,ngaglik,0.005243641
9,0,negeri,0.0051865494
10,1,celaka,0.011276532
11,1,rumah_sakit,0.009569588
12,1,alami_luka,0.009292613
13,1,vanessa,0.008134534
14,1,tinggal_dunia,0.007887771
15,1,korban,0.00785205
16,1,jombang,0.007035628
17,1,mobil,0.006680426
18,1,budaya,0.006327001
19,1,gempa,0.00620783
20,2,warga_bina,0.009302523
21,2,kota_yogyakarta,0.008290104
22,2,bantul,0.0063080294
23,2,positif_covid,0.0057521695
24,2,lapas_narkotika,0.0055879736
25,2,diy,0.0050412565
26,2,pasu,0.005013305
27,2,rusia,0.004461162
28,2,jakarta,0.0043592406
29,2,lapor,0.0042980458
